MD5 Hash,Host,File Location,File Name,File Date
2f6e4065bf729968369da20fb39e958f,Betty,/Volumes/HTS-1.5TB/Home Video/VHS CAPTURE/LifeFlix/Tapes,Scene1_amA9KJ.mov,2014-04-04 20:39:14
21f5a48a4a7ca49bd06709c6a2762190,Betty,/Volumes/HTS-1.5TB/Home Video/VHS CAPTURE/LifeFlix/Tapes,Scene1_0moSfT.mov,2014-03-31 15:32:05
f00dd9523b9cb2a342567d9a52a23405,Betty,/Volumes/HTS-1.5TB/Home Video/VHS CAPTURE/LifeFlix/Tapes,Scene2_oV809V.mov,2014-03-31 15:44:05
c50da72f3d0e8ec8f22c883a261f31e7,Betty,/Volumes/HTS-1.5TB/Home Video/VHS CAPTURE/LifeFlix/Tapes,Scene1_zX51UR.mov,2014-04-04 18:45:41
748ba73c707ae58ab85a4781dc182470,Betty,/Volumes/HTS-1.5TB/Home Video/VHS CAPTURE/LifeFlix/Tapes,Scene4_ZcsVVC.mov,2014-04-04 19:03:13
6443ea4e81ef4b7372d2cd186cc9e130,Betty,/Volumes/HTS-1.5TB/Home Video/VHS CAPTURE/LifeFlix/Tapes,Scene2_2xParB.mov,2014-04-03 20:27:36
e3bd475a246d22aeb8810e1a3a5340a2,Betty,/Volumes/HTS-1.5TB/Home Video/VHS CAPTURE/LifeFlix/Tapes,Scene5_yKwFVH.mov,2014-04-03 20:44:04
469d7b4b1b54d64854e27cb75c08c0f5,Betty,/Volumes/HTS-1.5TB/Home Video/VHS CAPTURE/LifeFlix/Tapes,Scene2_uf3tgF.mov,2014-04-04 20:21:08
ddc81e39abf4f0586b6e6dbb88973426,Betty,/Volumes/HTS-1.5TB/Home Video/VHS CAPTURE/LifeFlix/Tapes,Scene1_aQvNG9.mov,2014-03-30 19:50:53
23b4c0fa7d4821e89b14ab84cae1700f,Betty,/Volumes/HTS-1.5TB/Home Video/VHS CAPTURE/LifeFlix/Tapes,Scene1_tUvhz5.mov,2014-03-31 19:12:19
605983933e417a5f79b977e4fd57b719,Betty,/Volumes/HTS-1.5TB/Home Video/VHS CAPTURE/LifeFlix/Tapes,Scene2_C7sjVQ.mov,2014-03-31 19:27:44
e2e7a3145e77d4f644820e8b7db4a418,Betty,/Volumes/HTS-1.5TB/Home Video/VHS CAPTURE/LifeFlix/Tapes,Scene3_gPgaEt.mov,2014-03-31 20:01:24
9397955f2f34183ec59509734de0a759,Betty,/Volumes/HTS-1.5TB/Home Video/VHS CAPTURE/LifeFlix/Tapes,Scene7_B45IoQ.mov,2014-03-31 20:10:44
dd58b64ce556db9e6502ff58723c6a54,Betty,/Volumes/HTS-1.5TB/Home Video/VHS CAPTURE/LifeFlix/Tapes,Scene1_TBJuAV.mov,2014-05-25 14:50:23
147f0595cf30392b3fce9d70039cf383,Betty,/Volumes/HTS-1.5TB/Home Video/VHS CAPTURE/LifeFlix/Tapes,Scene1_9NDDSv.mov,2014-03-31 14:56:20
bd82f7049d8b89cef93f5a27c9e2547f,Betty,/Volumes/HTS-1.5TB/Home Video/VHS CAPTURE/LifeFlix/Tapes,Scene2_ubTowc.mov,2014-03-31 11:46:30
3b74b067b454a39013c562f6e1ca022c,Betty,/Volumes/HTS-1.5TB/Home Video/VHS CAPTURE/LifeFlix/Tapes,Scene1_BUBLU4.mov,2014-03-31 13:23:33
9c0c2b3e2916ecea4cf8e62abf3954c7,Betty,/Volumes/HTS-1.5TB/Home Video/VHS CAPTURE/LifeFlix/Tapes,Scene1_Zt1sOu.mov,2014-03-31 14:14:46
3ea9ffd845227dacca8d1f01e2fd6bf1,Betty,/Volumes/HTS-1.5TB/Home Video/VHS CAPTURE/LifeFlix/Tapes,Scene1_HsRjHV.mov,2014-04-05 18:03:48
